,Price
2018-01-01,19.62
2018-01-02,19.32
2018-01-03,19.325
2018-01-04,19.2
2018-01-05,18.915
2018-01-06,18.915
2018-01-07,18.915
2018-01-08,19.05
2018-01-09,19.435
2018-01-10,19.325
2018-01-11,19.32
2018-01-12,19.805
2018-01-13,19.805
2018-01-14,19.805
2018-01-15,19.805
2018-01-16,18.9
2018-01-17,18.44
2018-01-18,18.35
2018-01-19,18.19
2018-01-20,18.19
2018-01-21,18.19
2018-01-22,18.545
2018-01-23,18.2
2018-01-24,17.79
2018-01-25,17.78
2018-01-26,17.78
2018-01-27,17.78
2018-01-28,17.78
2018-01-29,17.395
2018-01-30,17.41
2018-01-31,17.88
2018-02-01,18.15
2018-02-02,18.16
2018-02-03,18.16
2018-02-04,18.16
2018-02-05,17.59
2018-02-06,17.88
2018-02-07,18.155
2018-02-08,17.74
2018-02-09,17.9
2018-02-10,17.9
2018-02-11,17.9
2018-02-12,17.95
2018-02-13,18.305
2018-02-14,18.075
2018-02-15,17.79
2018-02-16,18.165
2018-02-17,18.165
2018-02-18,18.165
2018-02-19,18.165
2018-02-20,19.77
2018-02-21,19.78
2018-02-22,19.94
2018-02-23,20.41
2018-02-24,20.41
2018-02-25,20.41
2018-02-26,18.69
2018-02-27,19.195
2018-02-28,17.35
2018-03-01,17.56
2018-03-02,17.805
2018-03-03,17.805
2018-03-04,17.805
2018-03-05,17.515
2018-03-06,17.7
2018-03-07,17.83
2018-03-08,18.315
2018-03-09,18.94
2018-03-10,18.94
2018-03-11,18.94
2018-03-12,19.71
2018-03-13,19.465
2018-03-14,18.615
2018-03-15,18.8
2018-03-16,18.655
2018-03-17,18.655
2018-03-18,18.655
2018-03-19,18.7
2018-03-20,19.175
2018-03-21,19.39
2018-03-22,19.01
2018-03-23,18.445
2018-03-24,18.445
2018-03-25,18.445
2018-03-26,17.99
2018-03-27,18.495
2018-03-28,18.37
2018-03-29,18.225
2018-03-30,18.225
2018-03-31,18.225
2018-04-01,18.225
2018-04-02,18.225
2018-04-03,18.04
2018-04-04,18.185
2018-04-05,18.13
2018-04-06,18.18
2018-04-07,18.18
2018-04-08,18.18
2018-04-09,18.645
2018-04-10,18.84
2018-04-11,19.255
2018-04-12,19.215
2018-04-13,19.57
2018-04-14,19.57
2018-04-15,19.57
2018-04-16,19.35
2018-04-17,19.015
2018-04-18,19.31
2018-04-19,19.86
2018-04-20,19.8
2018-04-21,19.8
2018-04-22,19.8
2018-04-23,19.89
2018-04-24,19.675
2018-04-25,19.88
2018-04-26,20.15
2018-04-27,20.265
2018-04-28,20.265
2018-04-29,20.265
2018-04-30,20.56
2018-05-01,20.095
2018-05-02,19.865
2018-05-03,19.95
2018-05-04,20.42
2018-05-05,20.42
2018-05-06,20.42
2018-05-07,20.42
2018-05-08,20.6
2018-05-09,20.845
2018-05-10,21.005
2018-05-11,21.265
2018-05-12,21.265
2018-05-13,21.265
2018-05-14,21.625
2018-05-15,21.54
2018-05-16,21.67
2018-05-17,22.3
2018-05-18,22.055
2018-05-19,22.055
2018-05-20,22.055
2018-05-21,22.375
2018-05-22,22.905
2018-05-23,22.715
2018-05-24,22.695
2018-05-25,21.805
2018-05-26,21.805
2018-05-27,21.805
2018-05-28,21.805
2018-05-29,22.655
2018-05-30,22.985
2018-05-31,22.58
2018-06-01,21.775
2018-06-02,21.775
2018-06-03,21.775
2018-06-04,21.905
2018-06-05,21.43
2018-06-06,21.32
2018-06-07,21.665
2018-06-08,21.54
2018-06-09,21.54
2018-06-10,21.54
2018-06-11,21.35
2018-06-12,21.785
2018-06-13,22.38
2018-06-14,22.355
2018-06-15,21.75
2018-06-16,21.75
2018-06-17,21.75
2018-06-18,22.14
2018-06-19,21.695
2018-06-20,21.5
2018-06-21,21.545
2018-06-22,21.655
2018-06-23,21.655
2018-06-24,21.655
2018-06-25,21.545
2018-06-26,21.495
2018-06-27,22.035
2018-06-28,21.96
2018-06-29,21.875
2018-06-30,21.875
2018-07-01,21.875
2018-07-02,22.24
2018-07-03,22.26
2018-07-04,22.26
2018-07-05,22.465
2018-07-06,22.355
2018-07-07,22.355
2018-07-08,22.355
2018-07-09,22.73
2018-07-10,22.73
2018-07-11,22.58
2018-07-12,21.97
2018-07-13,22.265
2018-07-14,22.265
2018-07-15,22.265
2018-07-16,22.02
2018-07-17,21.85
2018-07-18,22.14
2018-07-19,22.155
2018-07-20,21.875
2018-07-21,21.875
2018-07-22,21.875
2018-07-23,22.03
2018-07-24,22.095
2018-07-25,22.17
2018-07-26,22.115
2018-07-27,21.89
2018-07-28,21.89
2018-07-29,21.89
2018-07-30,22.06
2018-07-31,22.115
2018-08-01,21.93
2018-08-02,21.935
2018-08-03,22.26
2018-08-04,22.26
2018-08-05,22.26
2018-08-06,22.5
2018-08-07,22.61
2018-08-08,22.6
2018-08-09,22.715
2018-08-10,22.88
2018-08-11,22.88
2018-08-12,22.88
2018-08-13,23.5
2018-08-14,23.725
2018-08-15,23.52
2018-08-16,23.835
2018-08-17,24.155
2018-08-18,24.155
2018-08-19,24.155
2018-08-20,24.18
2018-08-21,24.405
2018-08-22,24.45
2018-08-23,24.76
2018-08-24,24.975
2018-08-25,24.975
2018-08-26,24.975
2018-08-27,25.41
2018-08-28,25.36
2018-08-29,25.87
2018-08-30,26.13
2018-08-31,25.835
2018-09-01,25.835
2018-09-02,25.835
2018-09-03,25.835
2018-09-04,26.71
2018-09-05,27.02
2018-09-06,27.455
2018-09-07,27.99
2018-09-08,27.99
2018-09-09,27.99
2018-09-10,29.125
2018-09-11,28.78
2018-09-12,27.495
2018-09-13,26.81
2018-09-14,26.93
2018-09-15,26.93
2018-09-16,26.93
2018-09-17,28.075
2018-09-18,27.41
2018-09-19,28.32
2018-09-20,28.59
2018-09-21,28.725
2018-09-22,28.725
2018-09-23,28.725
2018-09-24,29.245
2018-09-25,29.23
2018-09-26,28.26
2018-09-27,27.575
2018-09-28,27.33
2018-09-29,27.33
2018-09-30,27.33
2018-10-01,27.445
2018-10-02,27.255
2018-10-03,27.115
2018-10-04,27.47
2018-10-05,27.9
2018-10-06,27.9
2018-10-07,27.9
2018-10-08,27.22
2018-10-09,26.835
2018-10-10,26.22
2018-10-11,25.76
2018-10-12,26.63
2018-10-13,26.63
2018-10-14,26.63
2018-10-15,26.625
2018-10-16,26.33
2018-10-17,25.94
2018-10-18,26.025
2018-10-19,26.86
2018-10-20,26.86
2018-10-21,26.86
2018-10-22,26.115
2018-10-23,25.665
2018-10-24,25.26
2018-10-25,24.865
2018-10-26,24.28
2018-10-27,24.28
2018-10-28,24.28
2018-10-29,24.58
2018-10-30,23.875
2018-10-31,24.335
2018-11-01,23.65
2018-11-02,24.285
2018-11-03,24.285
2018-11-04,24.285
2018-11-05,23.81
2018-11-06,23.895
2018-11-07,24.42
2018-11-08,24.43
2018-11-09,24.325
2018-11-10,24.325
2018-11-11,24.325
2018-11-12,25.955
2018-11-13,26.52
2018-11-14,26.28
2018-11-15,26.675
2018-11-16,25.955
2018-11-17,25.955
2018-11-18,25.955
2018-11-19,24.15
2018-11-20,24.35
2018-11-21,24.5
2018-11-22,24.5
2018-11-23,24.82
2018-11-24,24.82
2018-11-25,24.82
2018-11-26,24.545
2018-11-27,25.16
2018-11-28,24.3
2018-11-29,24.635
2018-11-30,24.69
2018-12-01,24.69
2018-12-02,24.69
2018-12-03,25.085
2018-12-04,24.415
2018-12-05,23.82
2018-12-06,23.165
2018-12-07,23.145
2018-12-08,23.145
2018-12-09,23.145
2018-12-10,23.25
2018-12-11,23.62
2018-12-12,23.92
2018-12-13,24.225
2018-12-14,24.645
2018-12-15,24.645
2018-12-16,24.645
2018-12-17,24.68
2018-12-18,23.73
2018-12-19,24.21
2018-12-20,24.605
2018-12-21,24.9
2018-12-22,24.9
2018-12-23,24.9
2018-12-24,24.245
2018-12-25,24.245
2018-12-26,24.245
2018-12-27,23.32
2018-12-28,22.81
2018-12-29,22.81
2018-12-30,22.81
2018-12-31,21.98
2019-01-01,21.98
2019-01-02,22.475
2019-01-03,22.255
2019-01-04,22.93
2019-01-05,22.93
2019-01-06,22.93
2019-01-07,21.53
2019-01-08,22.09
2019-01-09,21.72
2019-01-10,21.675
2019-01-11,22.255
2019-01-12,22.255
2019-01-13,22.255
2019-01-14,21.675
2019-01-15,22.0
2019-01-16,22.005
2019-01-17,22.995
2019-01-18,22.605
2019-01-19,22.605
2019-01-20,22.605
2019-01-21,22.605
2019-01-22,21.815
2019-01-23,22.19
2019-01-24,21.28
2019-01-25,20.89
2019-01-26,20.89
2019-01-27,20.89
2019-01-28,20.55
2019-01-29,20.585
2019-01-30,20.18
2019-01-31,19.85
2019-02-01,19.3
2019-02-02,19.3
2019-02-03,19.3
2019-02-04,19.355
2019-02-05,19.14
2019-02-06,18.915
2019-02-07,18.91
2019-02-08,18.265
2019-02-09,18.265
2019-02-10,18.265
2019-02-11,18.055
2019-02-12,17.785
2019-02-13,18.02
2019-02-14,17.755
2019-02-15,18.1
2019-02-16,18.1
2019-02-17,18.1
2019-02-18,18.1
2019-02-19,17.705
2019-02-20,18.145
2019-02-21,17.52
2019-02-22,17.23
2019-02-23,17.23
2019-02-24,17.23
2019-02-25,16.945
2019-02-26,17.045
2019-02-27,17.615
2019-02-28,17.815
2019-03-01,17.32
2019-03-02,17.32
2019-03-03,17.32
2019-03-04,17.4
2019-03-05,17.18
2019-03-06,16.85
2019-03-07,16.87
2019-03-08,16.73
2019-03-09,16.73
2019-03-10,16.73
2019-03-11,16.625
2019-03-12,16.21
2019-03-13,15.725
2019-03-14,15.605
2019-03-15,15.25
2019-03-16,15.25
2019-03-17,15.25
2019-03-18,14.98
2019-03-19,15.005
2019-03-20,15.215
2019-03-21,14.565
2019-03-22,14.455
2019-03-23,14.455
2019-03-24,14.455
2019-03-25,14.185
2019-03-26,14.385
2019-03-27,14.995
2019-03-28,14.43
2019-03-29,14.215
2019-03-30,14.215
2019-03-31,14.215
2019-04-01,13.845
2019-04-02,13.455
2019-04-03,14.19
2019-04-04,14.805
2019-04-05,16.635
2019-04-06,16.635
2019-04-07,16.635
2019-04-08,15.965
2019-04-09,16.755
2019-04-10,15.73
2019-04-11,15.995
2019-04-12,15.855
2019-04-13,15.855
2019-04-14,15.855
2019-04-15,15.01
2019-04-16,14.835
2019-04-17,15.195
2019-04-18,14.46
2019-04-19,14.46
2019-04-20,14.46
2019-04-21,14.46
2019-04-22,14.46
2019-04-23,14.42
2019-04-24,14.265
2019-04-25,14.535
2019-04-26,14.425
2019-04-27,14.425
2019-04-28,14.425
2019-04-29,14.525
2019-04-30,14.39
2019-05-01,14.055
2019-05-02,14.365
2019-05-03,14.565
2019-05-04,14.565
2019-05-05,14.565
2019-05-06,14.335
2019-05-07,14.155
2019-05-08,14.32
2019-05-09,14.455
2019-05-10,13.995
2019-05-11,13.995
2019-05-12,13.995
2019-05-13,13.76
2019-05-14,13.785
2019-05-15,13.855
2019-05-16,13.385
2019-05-17,12.855
2019-05-18,12.855
2019-05-19,12.855
2019-05-20,12.905
2019-05-21,12.705
2019-05-22,12.65
2019-05-23,12.595
2019-05-24,12.25
2019-05-25,12.25
2019-05-26,12.25
2019-05-27,12.25
2019-05-28,12.52
2019-05-29,12.225
2019-05-30,11.475
2019-05-31,11.205
2019-06-01,11.205
2019-06-02,11.205
2019-06-03,11.1
2019-06-04,11.91
2019-06-05,11.6
2019-06-06,11.105
2019-06-07,11.52
2019-06-08,11.52
2019-06-09,11.52
2019-06-10,11.805
2019-06-11,11.2
2019-06-12,11.14
2019-06-13,11.395
2019-06-14,11.32
2019-06-15,11.32
2019-06-16,11.32
2019-06-17,11.57
2019-06-18,11.035
2019-06-19,10.485
2019-06-20,10.15
2019-06-21,10.355
2019-06-22,10.355
2019-06-23,10.355
2019-06-24,10.2
2019-06-25,9.845
2019-06-26,9.62
2019-06-27,9.375
2019-06-28,10.115
2019-06-29,10.115
2019-06-30,10.115
2019-07-01,10.365
2019-07-02,10.225
2019-07-03,10.295
2019-07-04,10.295
2019-07-05,11.215
2019-07-06,11.215
2019-07-07,11.215
2019-07-08,11.88
2019-07-09,11.76
2019-07-10,12.135
2019-07-11,13.13
2019-07-12,13.28
2019-07-13,13.28
2019-07-14,13.28
2019-07-15,12.895
2019-07-16,11.415
2019-07-17,10.99
2019-07-18,10.735
2019-07-19,10.815
2019-07-20,10.815
2019-07-21,10.815
2019-07-22,10.16
2019-07-23,10.75
2019-07-24,10.075
2019-07-25,10.025
2019-07-26,9.965
2019-07-27,9.965
2019-07-28,9.965
2019-07-29,9.81
2019-07-30,9.79
2019-07-31,11.0
2019-08-01,12.36
2019-08-02,12.015
2019-08-03,12.015
2019-08-04,12.015
2019-08-05,11.465
2019-08-06,10.95
2019-08-07,11.41
2019-08-08,12.075
2019-08-09,12.025
2019-08-10,12.025
2019-08-11,12.025
2019-08-12,11.42
2019-08-13,11.86
2019-08-14,11.18
2019-08-15,11.225
2019-08-16,10.955
2019-08-17,10.955
2019-08-18,10.955
2019-08-19,10.785
2019-08-20,11.215
2019-08-21,11.415
2019-08-22,10.99
2019-08-23,10.585
2019-08-24,10.585
2019-08-25,10.585
2019-08-26,10.315
2019-08-27,10.07
2019-08-28,10.235
2019-08-29,10.715
2019-08-30,12.795
2019-08-31,12.795
2019-09-01,12.795
2019-09-02,12.795
2019-09-03,12.1
2019-09-04,11.96
2019-09-05,12.235
2019-09-06,12.35
2019-09-07,12.35
2019-09-08,12.35
2019-09-09,12.235
2019-09-10,14.405
2019-09-11,14.355
2019-09-12,14.465
2019-09-13,14.71
2019-09-14,14.71
2019-09-15,14.71
2019-09-16,15.335
2019-09-17,13.44
2019-09-18,12.435
2019-09-19,12.255
2019-09-20,12.71
2019-09-21,12.71
2019-09-22,12.71
2019-09-23,12.245
2019-09-24,12.34
2019-09-25,11.95
2019-09-26,12.045
2019-09-27,11.94
2019-09-28,11.94
2019-09-29,11.94
2019-09-30,16.39
2019-10-01,16.76
2019-10-02,16.005
2019-10-03,16.01
2019-10-04,15.77
2019-10-05,15.77
2019-10-06,15.77
2019-10-07,15.505
2019-10-08,15.64
2019-10-09,15.575
2019-10-10,15.85
2019-10-11,16.135
2019-10-12,16.135
2019-10-13,16.135
2019-10-14,16.04
2019-10-15,16.065
2019-10-16,16.075
2019-10-17,16.025
2019-10-18,15.965
2019-10-19,15.965
2019-10-20,15.965
2019-10-21,15.61
2019-10-22,15.595
2019-10-23,15.415
2019-10-24,15.655
2019-10-25,15.235
2019-10-26,15.235
2019-10-27,15.235
2019-10-28,14.39
2019-10-29,13.835
2019-10-30,13.78
2019-10-31,16.135
2019-11-01,16.175
2019-11-02,16.175
2019-11-03,16.175
2019-11-04,16.48
2019-11-05,16.79
2019-11-06,16.28
2019-11-07,16.12
2019-11-08,15.94
2019-11-09,15.94
2019-11-10,15.94
2019-11-11,15.845
2019-11-12,15.545
2019-11-13,15.45
2019-11-14,15.67
2019-11-15,15.715
2019-11-16,15.715
2019-11-17,15.715
2019-11-18,15.23
2019-11-19,15.29
2019-11-20,15.59
2019-11-21,15.625
2019-11-22,16.05
2019-11-23,16.05
2019-11-24,16.05
2019-11-25,16.235
2019-11-26,15.85
2019-11-27,15.98
2019-11-28,15.98
2019-11-29,16.33
2019-11-30,16.33
2019-12-01,16.33
2019-12-02,15.81
2019-12-03,15.77
2019-12-04,15.88
2019-12-05,15.415
2019-12-06,15.14
2019-12-07,15.14
2019-12-08,15.14
2019-12-09,14.89
2019-12-10,14.53
2019-12-11,14.045
2019-12-12,14.77
2019-12-13,13.805
2019-12-14,13.805
2019-12-15,13.805
2019-12-16,13.89
2019-12-17,14.46
2019-12-18,14.95
2019-12-19,15.005
2019-12-20,14.235
2019-12-21,14.235
2019-12-22,14.235
2019-12-23,13.025
2019-12-24,12.605
2019-12-25,12.605
2019-12-26,12.605
2019-12-27,12.765
2019-12-28,12.765
2019-12-29,12.765
2019-12-30,12.295
2019-12-31,12.05
2020-01-01,12.05
2020-01-02,12.075
2020-01-03,12.985
2020-01-04,12.985
2020-01-05,12.985
2020-01-06,12.28
2020-01-07,11.93
2020-01-08,11.965
2020-01-09,12.18
2020-01-10,11.94
2020-01-11,11.94
2020-01-12,11.94
2020-01-13,12.055
2020-01-14,11.305
2020-01-15,11.18
2020-01-16,11.115
2020-01-17,10.93
2020-01-18,10.93
2020-01-19,10.93
2020-01-20,10.93
2020-01-21,10.775
2020-01-22,10.455
2020-01-23,10.43
2020-01-24,10.455
2020-01-25,10.455
2020-01-26,10.455
2020-01-27,10.525
2020-01-28,10.79
2020-01-29,10.15
2020-01-30,9.78
2020-01-31,9.755
2020-02-01,9.755
2020-02-02,9.755
2020-02-03,9.21
2020-02-04,9.365
2020-02-05,9.315
2020-02-06,9.15
2020-02-07,9.07
2020-02-08,9.07
2020-02-09,9.07
2020-02-10,8.645
2020-02-11,8.555
2020-02-12,8.72
2020-02-13,8.89
2020-02-14,8.88
2020-02-15,8.88
2020-02-16,8.88
2020-02-17,8.88
2020-02-18,9.38
2020-02-19,9.57
2020-02-20,9.565
2020-02-21,9.41
2020-02-22,9.41
2020-02-23,9.41
2020-02-24,9.045
2020-02-25,9.005
2020-02-26,9.07
2020-02-27,8.87
2020-02-28,8.875
2020-02-29,8.875
2020-03-01,8.875
2020-03-02,8.885
2020-03-03,9.17
2020-03-04,8.91
2020-03-05,8.85
2020-03-06,8.645
2020-03-07,8.645
2020-03-08,8.645
2020-03-09,8.625
2020-03-10,8.995
2020-03-11,9.37
2020-03-12,9.325
2020-03-13,9.285
2020-03-14,9.285
2020-03-15,9.285
2020-03-16,8.74
2020-03-17,8.47
2020-03-18,8.265
2020-03-19,8.545
2020-03-20,8.295
2020-03-21,8.295
2020-03-22,8.295
2020-03-23,7.85
2020-03-24,7.91
2020-03-25,7.745
2020-03-26,7.575
2020-03-27,7.22
2020-03-28,7.22
2020-03-29,7.22
2020-03-30,6.895
2020-03-31,6.9
2020-04-01,6.825
2020-04-02,6.935
2020-04-03,6.92
2020-04-04,6.92
2020-04-05,6.92
2020-04-06,7.285
2020-04-07,7.285
2020-04-08,7.26
2020-04-09,7.28
2020-04-10,7.28
2020-04-11,7.28
2020-04-12,7.28
2020-04-13,7.28
2020-04-14,6.875
2020-04-15,6.65
2020-04-16,6.905
2020-04-17,6.995
2020-04-18,6.995
2020-04-19,6.995
2020-04-20,6.62
2020-04-21,6.315
2020-04-22,6.225
2020-04-23,6.055
2020-04-24,5.77
2020-04-25,5.77
2020-04-26,5.77
2020-04-27,5.94
2020-04-28,6.145
2020-04-29,6.015
2020-04-30,6.22
2020-05-01,5.845
2020-05-02,5.845
2020-05-03,5.845
2020-05-04,5.74
2020-05-05,5.675
2020-05-06,5.765
2020-05-07,5.845
2020-05-08,5.83
2020-05-09,5.83
2020-05-10,5.83
2020-05-11,5.705
2020-05-12,5.315
2020-05-13,5.12
2020-05-14,5.265
2020-05-15,5.22
2020-05-16,5.22
2020-05-17,5.22
2020-05-18,4.92
2020-05-19,4.61
2020-05-20,4.46
2020-05-21,3.825
2020-05-22,3.89
2020-05-23,3.89
2020-05-24,3.89
2020-05-25,3.89
2020-05-26,4.125
2020-05-27,3.695
2020-05-28,3.51
2020-05-29,4.385
2020-05-30,4.385
2020-05-31,4.385
2020-06-01,4.055
2020-06-02,4.85
2020-06-03,5.33
2020-06-04,5.39
2020-06-05,5.71
2020-06-06,5.71
2020-06-07,5.71
2020-06-08,5.25
2020-06-09,4.805
2020-06-10,4.8
2020-06-11,4.99
2020-06-12,5.275
2020-06-13,5.275
2020-06-14,5.275
2020-06-15,5.515
2020-06-16,5.26
2020-06-17,5.21
2020-06-18,5.45
2020-06-19,5.615
2020-06-20,5.615
2020-06-21,5.615
2020-06-22,5.495
2020-06-23,5.83
2020-06-24,5.665
2020-06-25,5.255
2020-06-26,5.105
2020-06-27,5.105
2020-06-28,5.105
2020-06-29,5.84
2020-06-30,6.165
2020-07-01,5.865
2020-07-02,5.945
2020-07-03,5.945
2020-07-04,5.945
2020-07-05,5.945
2020-07-06,6.095
2020-07-07,6.125
2020-07-08,5.935
2020-07-09,5.755
2020-07-10,5.475
2020-07-11,5.475
2020-07-12,5.475
2020-07-13,5.11
2020-07-14,5.085
2020-07-15,5.225
2020-07-16,5.06
2020-07-17,5.115
2020-07-18,5.115
2020-07-19,5.115
2020-07-20,4.73
2020-07-21,4.79
2020-07-22,4.83
2020-07-23,4.985
2020-07-24,5.01
2020-07-25,5.01
2020-07-26,5.01
2020-07-27,4.785
2020-07-28,4.96
2020-07-29,5.175
2020-07-30,5.225
2020-07-31,6.025
2020-08-01,6.025
2020-08-02,6.025
2020-08-03,6.8
2020-08-04,7.355
2020-08-05,7.32
2020-08-06,7.94
2020-08-07,7.93
2020-08-08,7.93
2020-08-09,7.93
2020-08-10,7.59
2020-08-11,7.415
2020-08-12,7.17
2020-08-13,7.31
2020-08-14,8.02
2020-08-15,8.02
2020-08-16,8.02
2020-08-17,8.18
2020-08-18,8.55
2020-08-19,8.355
2020-08-20,8.15
2020-08-21,7.62
2020-08-22,7.62
2020-08-23,7.62
2020-08-24,8.36
2020-08-25,8.865
2020-08-26,9.15
2020-08-27,8.87
2020-08-28,11.17
2020-08-29,11.17
2020-08-30,11.17
2020-08-31,11.24
2020-09-01,11.295
2020-09-02,11.11
2020-09-03,11.735
2020-09-04,11.68
2020-09-05,11.68
2020-09-06,11.68
2020-09-07,11.68
2020-09-08,10.8
2020-09-09,10.735
2020-09-10,10.515
2020-09-11,10.495
2020-09-12,10.495
2020-09-13,10.495
2020-09-14,10.705
2020-09-15,10.895
2020-09-16,11.32
2020-09-17,11.12
2020-09-18,11.475
2020-09-19,11.475
2020-09-20,11.475
2020-09-21,11.495
2020-09-22,11.705
2020-09-23,12.02
2020-09-24,11.635
2020-09-25,11.665
2020-09-26,11.665
2020-09-27,11.665
2020-09-28,12.35
2020-09-29,12.28
2020-09-30,13.285
2020-10-01,13.18
2020-10-02,13.025
2020-10-03,13.025
2020-10-04,13.025
2020-10-05,13.42
2020-10-06,13.305
2020-10-07,13.71
2020-10-08,13.9
2020-10-09,13.755
2020-10-10,13.755
2020-10-11,13.755
2020-10-12,13.84
2020-10-13,13.595
2020-10-14,13.87
2020-10-15,14.24
2020-10-16,14.5
2020-10-17,14.5
2020-10-18,14.5
2020-10-19,14.72
2020-10-20,14.895
2020-10-21,14.865
2020-10-22,15.255
2020-10-23,15.41
2020-10-24,15.41
2020-10-25,15.41
2020-10-26,14.865
2020-10-27,14.745
2020-10-28,14.485
2020-10-29,14.215
2020-10-30,14.06
2020-10-31,14.06
2020-11-01,14.06
2020-11-02,13.655
2020-11-03,13.665
2020-11-04,13.885
2020-11-05,14.455
2020-11-06,13.9
2020-11-07,13.9
2020-11-08,13.9
2020-11-09,13.855
2020-11-10,14.035
2020-11-11,14.095
2020-11-12,14.0
2020-11-13,14.24
2020-11-14,14.24
2020-11-15,14.24
2020-11-16,14.495
2020-11-17,13.97
2020-11-18,13.68
2020-11-19,13.02
2020-11-20,12.895
2020-11-21,12.895
2020-11-22,12.895
2020-11-23,13.535
2020-11-24,13.9
2020-11-25,13.93
2020-11-26,13.93
2020-11-27,14.485
2020-11-28,14.485
2020-11-29,14.485
2020-11-30,15.14
2020-12-01,14.91
2020-12-02,14.905
2020-12-03,14.145
2020-12-04,14.645
2020-12-05,14.645
2020-12-06,14.645
2020-12-07,14.355
2020-12-08,14.445
2020-12-09,14.735
2020-12-10,15.54
2020-12-11,15.96
2020-12-12,15.96
2020-12-13,15.96
2020-12-14,16.605
2020-12-15,17.225
2020-12-16,16.38
2020-12-17,15.94
2020-12-18,15.885
2020-12-19,15.885
2020-12-20,15.885
2020-12-21,16.795
2020-12-22,17.635
2020-12-23,17.505
2020-12-24,17.65
2020-12-25,17.65
2020-12-26,17.65
2020-12-27,17.65
2020-12-28,19.15
2020-12-29,18.775
2020-12-30,19.0
2020-12-31,19.125
2021-01-01,19.125
2021-01-02,19.125
2021-01-03,19.125
2021-01-04,19.845
2021-01-05,18.005
2021-01-06,17.565
2021-01-07,19.305
2021-01-08,20.12
2021-01-09,20.12
2021-01-10,20.12
2021-01-11,22.125
2021-01-12,26.155
2021-01-13,21.5
2021-01-14,21.335
2021-01-15,20.2
2021-01-16,20.2
2021-01-17,20.2
2021-01-18,20.2
2021-01-19,20.325
2021-01-20,20.26
2021-01-21,20.065
2021-01-22,21.485
2021-01-23,21.485
2021-01-24,21.485
2021-01-25,20.16
2021-01-26,19.51
2021-01-27,19.7
2021-01-28,20.91
2021-01-29,19.82
2021-01-30,19.82
2021-01-31,19.82
2021-02-01,18.14
2021-02-02,18.25
2021-02-03,17.855
2021-02-04,18.12
2021-02-05,18.38
2021-02-06,18.38
2021-02-07,18.38
2021-02-08,20.18
2021-02-09,19.045
2021-02-10,18.56
2021-02-11,17.375
2021-02-12,17.62
2021-02-13,17.62
2021-02-14,17.62
2021-02-15,17.62
2021-02-16,16.715
2021-02-17,16.54
2021-02-18,17.33
2021-02-19,16.555
2021-02-20,16.555
2021-02-21,16.555
2021-02-22,15.96
2021-02-23,16.25
2021-02-24,16.38
2021-02-25,15.935
2021-02-26,15.695
2021-02-27,15.695
2021-02-28,15.695
2021-03-01,16.08
2021-03-02,15.87
2021-03-03,15.525
2021-03-04,15.93
2021-03-05,16.365
2021-03-06,16.365
2021-03-07,16.365
2021-03-08,16.15
2021-03-09,16.925
2021-03-10,17.63
2021-03-11,18.125
2021-03-12,18.45
2021-03-13,18.45
2021-03-14,18.45
2021-03-15,17.93
2021-03-16,17.66
2021-03-17,17.97
2021-03-18,17.76
2021-03-19,17.265
2021-03-20,17.265
2021-03-21,17.265
2021-03-22,18.045
2021-03-23,18.39
2021-03-24,18.59
2021-03-25,18.365
2021-03-26,18.7
2021-03-27,18.7
2021-03-28,18.7
2021-03-29,18.445
2021-03-30,18.805
2021-03-31,18.995
2021-04-01,19.17
2021-04-02,19.17
2021-04-03,19.17
2021-04-04,19.17
2021-04-05,19.17
2021-04-06,19.78
2021-04-07,19.285
2021-04-08,18.99
2021-04-09,18.94
2021-04-10,18.94
2021-04-11,18.94
2021-04-12,19.65
2021-04-13,19.51
2021-04-14,19.68
2021-04-15,20.26
2021-04-16,20.54
2021-04-17,20.54
2021-04-18,20.54
2021-04-19,20.94
2021-04-20,21.065
2021-04-21,21.11
2021-04-22,21.37
2021-04-23,20.045
2021-04-24,20.045
2021-04-25,20.045
2021-04-26,20.0
2021-04-27,21.405
2021-04-28,21.555
2021-04-29,22.5
2021-04-30,23.285
2021-05-01,23.285
2021-05-02,23.285
2021-05-03,23.815
2021-05-04,23.05
2021-05-05,23.96
2021-05-06,24.33
2021-05-07,23.94
2021-05-08,23.94
2021-05-09,23.94
2021-05-10,25.19
2021-05-11,25.805
2021-05-12,26.42
2021-05-13,26.25
2021-05-14,26.83
2021-05-15,26.83
2021-05-16,26.83
2021-05-17,26.31
2021-05-18,24.81
2021-05-19,22.665
2021-05-20,24.685
2021-05-21,24.795
2021-05-22,24.795
2021-05-23,24.795
2021-05-24,24.76
2021-05-25,26.19
2021-05-26,26.425
2021-05-27,25.2
2021-05-28,24.93
2021-05-29,24.93
2021-05-30,24.93
2021-05-31,24.93
2021-06-01,25.975
2021-06-02,25.725
2021-06-03,25.705
2021-06-04,25.795
2021-06-05,25.795
2021-06-06,25.795
2021-06-07,26.49
2021-06-08,27.8
2021-06-09,28.3
2021-06-10,28.685
2021-06-11,27.845
2021-06-12,27.845
2021-06-13,27.845
2021-06-14,28.81
2021-06-15,28.135
2021-06-16,28.03
2021-06-17,28.31
2021-06-18,29.405
2021-06-19,29.405
2021-06-20,29.405
2021-06-21,29.615
2021-06-22,30.735
2021-06-23,31.545
2021-06-24,32.015
2021-06-25,32.385
2021-06-26,32.385
2021-06-27,32.385
2021-06-28,32.29
2021-06-29,33.486
2021-06-30,34.62
2021-07-01,36.145
2021-07-02,35.827
2021-07-03,35.827
2021-07-04,35.827
2021-07-05,35.827
2021-07-06,34.105
2021-07-07,32.34
2021-07-08,33.31
2021-07-09,36.632
2021-07-10,36.632
2021-07-11,36.632
2021-07-12,34.65
2021-07-13,35.465
2021-07-14,34.775
2021-07-15,33.795
2021-07-16,34.84
2021-07-17,34.84
2021-07-18,34.84
2021-07-19,35.65
2021-07-20,35.165
2021-07-21,35.95
2021-07-22,36.13
2021-07-23,35.525
2021-07-24,35.525
2021-07-25,35.525
2021-07-26,36.915
2021-07-27,37.59
2021-07-28,39.7
2021-07-29,41.154
2021-07-30,40.755
2021-07-31,40.755
2021-08-01,40.755
2021-08-02,42.155
2021-08-03,41.245
2021-08-04,42.255
2021-08-05,42.9
2021-08-06,43.12
2021-08-07,43.12
2021-08-08,43.12
2021-08-09,42.785
2021-08-10,44.655
2021-08-11,45.985
2021-08-12,45.87
2021-08-13,44.63
2021-08-14,44.63
2021-08-15,44.63
2021-08-16,47.99
2021-08-17,46.95
2021-08-18,45.385
2021-08-19,40.395
2021-08-20,41.944
2021-08-21,41.944
2021-08-22,41.944
2021-08-23,41.68
2021-08-24,44.87
2021-08-25,45.285
2021-08-26,45.79
2021-08-27,47.806
2021-08-28,47.806
2021-08-29,47.806
2021-08-30,49.68
2021-08-31,50.34
2021-09-01,50.23
2021-09-02,51.915
2021-09-03,51.505
2021-09-04,51.505
2021-09-05,51.505
2021-09-06,51.505
2021-09-07,53.91
2021-09-08,55.29
2021-09-09,56.58
2021-09-10,57.916
2021-09-11,57.916
2021-09-12,57.916
2021-09-13,61.28
2021-09-14,65.765
2021-09-15,70.705
2021-09-16,63.25
2021-09-17,65.103
2021-09-18,65.103
2021-09-19,65.103
2021-09-20,75.315
2021-09-21,73.78
2021-09-22,71.69
2021-09-23,69.685
2021-09-24,70.24
2021-09-25,70.24
2021-09-26,70.24
2021-09-27,76.505
2021-09-28,78.565
2021-09-29,86.609
2021-09-30,97.775
2021-10-01,93.625
2021-10-02,93.625
2021-10-03,93.625
2021-10-04,96.65
2021-10-05,116.02
2021-10-06,108.19
2021-10-07,96.585
2021-10-08,87.605
2021-10-09,87.605
2021-10-10,87.605
2021-10-11,85.215
2021-10-12,85.7
2021-10-13,93.615
2021-10-14,102.17
2021-10-15,93.65
2021-10-16,93.65
2021-10-17,93.65
2021-10-18,93.935
2021-10-19,89.93
2021-10-20,93.45
2021-10-21,88.465
2021-10-22,87.34
2021-10-23,87.34
2021-10-24,87.34
2021-10-25,88.645
2021-10-26,88.495
2021-10-27,86.82
2021-10-28,77.032
2021-10-29,64.865
2021-10-30,64.865
2021-10-31,64.865
2021-11-01,65.62
2021-11-02,67.605
2021-11-03,76.54
2021-11-04,73.375
2021-11-05,74.025
2021-11-06,74.025
2021-11-07,74.025
2021-11-08,79.075
2021-11-09,72.585
2021-11-10,70.125
2021-11-11,74.79
2021-11-12,75.675
2021-11-13,75.675
2021-11-14,75.675
2021-11-15,79.945
2021-11-16,94.19
2021-11-17,95.005
2021-11-18,95.165
2021-11-19,87.125
2021-11-20,87.125
2021-11-21,87.125
2021-11-22,84.015
2021-11-23,90.925
2021-11-24,93.985
2021-11-25,93.985
2021-11-26,87.772
2021-11-27,87.772
2021-11-28,87.772
2021-11-29,93.146
2021-11-30,92.515
2021-12-01,95.675
2021-12-02,94.83
2021-12-03,89.48
2021-12-04,89.48
2021-12-05,89.48
2021-12-06,89.93
2021-12-07,95.885
2021-12-08,101.5
2021-12-09,100.445
2021-12-10,105.775
2021-12-11,105.775
2021-12-12,105.775
2021-12-13,116.085
2021-12-14,128.3
2021-12-15,132.285
2021-12-16,142.765
2021-12-17,136.915
2021-12-18,136.915
2021-12-19,136.915
2021-12-20,146.925
2021-12-21,180.265
2021-12-22,172.875
2021-12-23,132.58
2021-12-24,132.58
2021-12-25,132.58
2021-12-26,132.58
2021-12-27,106.895
2021-12-28,106.59
2021-12-29,96.475
2021-12-30,87.027
2021-12-31,70.345
2022-01-01,70.345
2022-01-02,70.345
2022-01-03,80.435
2022-01-04,88.74
2022-01-05,91.52
2022-01-06,96.5
2022-01-07,88.175
2022-01-08,88.175
2022-01-09,88.175
2022-01-10,84.605
2022-01-11,78.735
2022-01-12,75.155
2022-01-13,85.46
2022-01-14,86.97
2022-01-15,86.97
2022-01-16,86.97
2022-01-17,86.97
2022-01-18,78.335
2022-01-19,75.6
2022-01-20,75.205
2022-01-21,78.98
2022-01-22,78.98
2022-01-23,78.98
2022-01-24,93.0
2022-01-25,93.58
2022-01-26,91.835
2022-01-27,92.3
2022-01-28,92.062
2022-01-29,92.062
2022-01-30,92.062
2022-01-31,84.67
2022-02-01,76.165
2022-02-02,77.35
2022-02-03,80.225
2022-02-04,82.65
2022-02-05,82.65
2022-02-06,82.65
2022-02-07,79.595
2022-02-08,77.3
2022-02-09,74.415
2022-02-10,74.355
2022-02-11,77.425
2022-02-12,77.425
2022-02-13,77.425
2022-02-14,80.77
2022-02-15,70.92
2022-02-16,69.795
2022-02-17,74.915
2022-02-18,73.76
2022-02-19,73.76
2022-02-20,73.76
2022-02-21,73.76
2022-02-22,79.79
2022-02-23,88.89
2022-02-24,134.315
2022-02-25,94.422
2022-02-26,94.422
2022-02-27,94.422
2022-02-28,98.595
2022-03-01,121.675
2022-03-02,165.545
2022-03-03,160.825
2022-03-04,192.55
2022-03-05,192.55
2022-03-06,192.55
2022-03-07,227.2
2022-03-08,214.555
2022-03-09,155.88
2022-03-10,126.4
2022-03-11,131.23
2022-03-12,131.23
2022-03-13,131.23
2022-03-14,114.52
2022-03-15,115.44
2022-03-16,102.625
2022-03-17,105.09
2022-03-18,105.045
2022-03-19,105.045
2022-03-20,105.045
2022-03-21,96.302
2022-03-22,98.745
2022-03-23,117.0
2022-03-24,111.61
2022-03-25,101.27
2022-03-26,101.27
2022-03-27,101.27
2022-03-28,102.545
2022-03-29,108.38
2022-03-30,118.97
2022-03-31,125.905
2022-04-01,112.15
2022-04-02,112.15
2022-04-03,112.15
2022-04-04,109.525
2022-04-05,108.565
2022-04-06,106.79
2022-04-07,104.565
2022-04-08,103.88
2022-04-09,103.88
2022-04-10,103.88
2022-04-11,100.135
2022-04-12,102.22
2022-04-13,105.325
2022-04-14,95.62
2022-04-15,95.62
2022-04-16,95.62
2022-04-17,95.62
2022-04-18,95.62
2022-04-19,93.77
2022-04-20,94.23
2022-04-21,100.06
2022-04-22,94.875
2022-04-23,94.875
2022-04-24,94.875
2022-04-25,92.835
2022-04-26,103.21
2022-04-27,107.425
2022-04-28,100.142
2022-04-29,99.45
2022-04-30,99.45
2022-05-01,99.45
2022-05-02,97.05
2022-05-03,99.425
2022-05-04,103.82
2022-05-05,106.51
2022-05-06,101.71
2022-05-07,101.71
2022-05-08,101.71
2022-05-09,93.785
2022-05-10,98.8
2022-05-11,94.01
2022-05-12,106.7
2022-05-13,96.88
2022-05-14,96.88
2022-05-15,96.88
2022-05-16,92.86
2022-05-17,94.175
2022-05-18,94.54
2022-05-19,91.025
2022-05-20,87.9
2022-05-21,87.9
2022-05-22,87.9
2022-05-23,83.29
2022-05-24,84.505
2022-05-25,88.08
2022-05-26,85.97
2022-05-27,86.875
2022-05-28,86.875
2022-05-29,86.875
2022-05-30,86.875
2022-05-31,94.005
2022-06-01,85.55
2022-06-02,83.945
2022-06-03,83.1
2022-06-04,83.1
2022-06-05,83.1
2022-06-06,82.56
2022-06-07,79.61
2022-06-08,79.405
2022-06-09,84.88
2022-06-10,82.465
2022-06-11,82.465
2022-06-12,82.465
2022-06-13,83.4
2022-06-14,97.04
2022-06-15,120.33
2022-06-16,124.365
2022-06-17,117.74
2022-06-18,117.74
2022-06-19,117.74
2022-06-20,117.74
2022-06-21,125.56
2022-06-22,127.17
2022-06-23,133.345
2022-06-24,128.505
2022-06-25,128.505
2022-06-26,128.505
2022-06-27,129.46
2022-06-28,129.175
2022-06-29,139.588
2022-06-30,144.515
2022-07-01,147.785
2022-07-02,147.785
2022-07-03,147.785
2022-07-04,147.785
2022-07-05,165.075
2022-07-06,171.0
2022-07-07,183.185
2022-07-08,175.21
2022-07-09,175.21
2022-07-10,175.21
2022-07-11,164.52
2022-07-12,172.61
2022-07-13,180.505
2022-07-14,175.035
2022-07-15,159.565
2022-07-16,159.565
2022-07-17,159.565
2022-07-18,157.26
2022-07-19,154.455
2022-07-20,155.04
2022-07-21,155.6
2022-07-22,159.865
2022-07-23,159.865
2022-07-24,159.865
2022-07-25,176.615
2022-07-26,199.92
2022-07-27,205.225
2022-07-28,198.93
2022-07-29,190.915
2022-07-30,190.915
2022-07-31,190.915
2022-08-01,200.795
2022-08-02,205.175
2022-08-03,199.195
2022-08-04,199.25
2022-08-05,196.32
2022-08-06,196.32
2022-08-07,196.32
2022-08-08,193.055
2022-08-09,192.185
2022-08-10,205.365
2022-08-11,208.11
2022-08-12,206.11
2022-08-13,206.11
2022-08-14,206.11
2022-08-15,220.11
2022-08-16,225.915
2022-08-17,225.835
2022-08-18,241.005
2022-08-19,244.55
2022-08-20,244.55
2022-08-21,244.55
2022-08-22,276.75
2022-08-23,269.05
2022-08-24,292.15
2022-08-25,321.415
2022-08-26,339.195
2022-08-27,339.195
2022-08-28,339.195
2022-08-29,272.605
2022-08-30,252.937
2022-08-31,239.905
2022-09-01,243.005
2022-09-02,214.665
2022-09-03,214.665
2022-09-04,214.665
2022-09-05,214.665
2022-09-06,239.84
2022-09-07,213.885
2022-09-08,220.54
2022-09-09,207.09
2022-09-10,207.09
2022-09-11,207.09
2022-09-12,190.59
2022-09-13,198.61
2022-09-14,217.88
2022-09-15,214.285
2022-09-16,187.795
2022-09-17,187.795
2022-09-18,187.795
2022-09-19,182.26
2022-09-20,194.26
2022-09-21,189.78
2022-09-22,187.47
2022-09-23,185.495
2022-09-24,185.495
2022-09-25,185.495
2022-09-26,173.835
2022-09-27,186.1
2022-09-28,207.185
2022-09-29,187.665
2022-09-30,188.8
2022-10-01,188.8
2022-10-02,188.8
2022-10-03,169.91
2022-10-04,161.95
2022-10-05,173.695
2022-10-06,175.71
2022-10-07,156.205
2022-10-08,156.205
2022-10-09,156.205
2022-10-10,154.12
2022-10-11,156.78
2022-10-12,160.19
2022-10-13,153.81
2022-10-14,141.995
2022-10-15,141.995
2022-10-16,141.995
2022-10-17,127.98
2022-10-18,113.22
2022-10-19,112.51
2022-10-20,127.145
2022-10-21,113.575
2022-10-22,113.575
2022-10-23,113.575
2022-10-24,99.17
2022-10-25,99.795
2022-10-26,104.32
2022-10-27,107.385
2022-10-28,112.244
2022-10-29,112.244
2022-10-30,112.244
2022-10-31,123.35
2022-11-01,116.195
2022-11-02,125.865
2022-11-03,125.445
2022-11-04,114.785
2022-11-05,114.785
2022-11-06,114.785
2022-11-07,109.685
2022-11-08,118.145
2022-11-09,113.145
2022-11-10,113.45
2022-11-11,97.855
2022-11-12,97.855
2022-11-13,97.855
2022-11-14,113.705
2022-11-15,124.105
2022-11-16,113.9
2022-11-17,112.555
2022-11-18,115.51
2022-11-19,115.51
2022-11-20,115.51
2022-11-21,116.13
2022-11-22,119.64
2022-11-23,129.62
2022-11-24,129.62
2022-11-25,124.37
2022-11-26,124.37
2022-11-27,124.37
2022-11-28,123.28
2022-11-29,132.286
2022-11-30,146.395
2022-12-01,139.26
2022-12-02,135.56
2022-12-03,135.56
2022-12-04,135.56
2022-12-05,134.7
2022-12-06,138.49
2022-12-07,149.245
2022-12-08,138.895
2022-12-09,139.115
2022-12-10,139.115
2022-12-11,139.115
2022-12-12,136.59
2022-12-13,137.53
2022-12-14,131.51
2022-12-15,134.765
2022-12-16,115.45
2022-12-17,115.45
2022-12-18,115.45
2022-12-19,108.545
2022-12-20,105.69
2022-12-21,97.75
2022-12-22,91.94
2022-12-23,82.975
2022-12-24,82.975
2022-12-25,82.975
2022-12-26,82.975
2022-12-27,80.045
2022-12-28,81.35
2022-12-29,83.83
2022-12-30,76.315
2022-12-31,76.315
2023-01-01,76.315
2023-01-02,76.315
2023-01-03,72.315
2023-01-04,65.02
2023-01-05,72.42
2023-01-06,69.535
2023-01-07,69.535
2023-01-08,69.535
2023-01-09,74.3
2023-01-10,70.07
2023-01-11,65.345
2023-01-12,66.81
2023-01-13,64.81
2023-01-14,64.81
2023-01-15,64.81
2023-01-16,64.81
2023-01-17,60.06
2023-01-18,61.71
2023-01-19,60.715
2023-01-20,66.9
2023-01-21,66.9
2023-01-22,66.9
2023-01-23,66.0
2023-01-24,58.27
2023-01-25,56.66
2023-01-26,54.815
2023-01-27,55.425
2023-01-28,55.425
2023-01-29,55.425
2023-01-30,55.156
2023-01-31,57.35
2023-02-01,59.525
2023-02-02,57.04
2023-02-03,57.89
2023-02-04,57.89
2023-02-05,57.89
2023-02-06,58.11
2023-02-07,55.405
2023-02-08,53.685
2023-02-09,52.735
2023-02-10,53.945
2023-02-11,53.945
2023-02-12,53.945
2023-02-13,51.705
2023-02-14,52.385
2023-02-15,54.715
2023-02-16,52.01
2023-02-17,49.045
2023-02-18,49.045
2023-02-19,49.045
2023-02-20,49.045
2023-02-21,48.54
2023-02-22,50.57
2023-02-23,50.78
2023-02-24,51.015
2023-02-25,51.015
2023-02-26,51.015
2023-02-27,47.299
2023-02-28,46.665
2023-03-01,47.085
2023-03-02,46.815
2023-03-03,44.98
2023-03-04,44.98
2023-03-05,44.98
2023-03-06,42.15
2023-03-07,43.37
2023-03-08,42.34
2023-03-09,43.6
2023-03-10,52.855
2023-03-11,52.855
2023-03-12,52.855
2023-03-13,49.585
2023-03-14,44.185
2023-03-15,42.905
2023-03-16,44.34
2023-03-17,42.855
2023-03-18,42.855
2023-03-19,42.855
2023-03-20,39.325
2023-03-21,42.4
2023-03-22,39.975
2023-03-23,43.185
2023-03-24,41.095
2023-03-25,41.095
2023-03-26,41.095
2023-03-27,42.53
2023-03-28,42.75
2023-03-29,42.805
2023-03-30,43.609
2023-03-31,47.845
2023-04-01,47.845
2023-04-02,47.845
2023-04-03,51.365
2023-04-04,46.57
2023-04-05,44.575
2023-04-06,43.125
2023-04-07,43.125
2023-04-08,43.125
2023-04-09,43.125
2023-04-10,43.125
2023-04-11,43.69
2023-04-12,42.88
2023-04-13,42.095
2023-04-14,41.15
2023-04-15,41.15
2023-04-16,41.15
2023-04-17,41.125
2023-04-18,42.72
2023-04-19,40.3
2023-04-20,40.565
2023-04-21,40.165
2023-04-22,40.165
2023-04-23,40.165
2023-04-24,39.925
2023-04-25,39.835
2023-04-26,38.55
2023-04-27,39.039
2023-04-28,38.54
2023-04-29,38.54
2023-04-30,38.54
2023-05-01,38.835
2023-05-02,37.53
2023-05-03,36.78
2023-05-04,35.655
2023-05-05,36.575
2023-05-06,36.575
2023-05-07,36.575
2023-05-08,36.875
2023-05-09,35.95
2023-05-10,34.995
2023-05-11,34.995
2023-05-12,32.765
2023-05-13,32.765
2023-05-14,32.765
2023-05-15,32.315
2023-05-16,31.82
2023-05-17,31.955
2023-05-18,29.785
2023-05-19,30.175
2023-05-20,30.175
2023-05-21,30.175
2023-05-22,29.71
2023-05-23,29.125
2023-05-24,27.785
2023-05-25,25.45
2023-05-26,24.52
2023-05-27,24.52
2023-05-28,24.52
2023-05-29,24.52
2023-05-30,24.681
2023-05-31,26.85
2023-06-01,23.105
2023-06-02,23.69
2023-06-03,23.69
2023-06-04,23.69
2023-06-05,28.48
2023-06-06,24.86
2023-06-07,26.33
2023-06-08,26.945
2023-06-09,32.05
2023-06-10,32.05
2023-06-11,32.05
2023-06-12,31.035
2023-06-13,36.05
2023-06-14,38.31
2023-06-15,41.145
2023-06-16,35.01
2023-06-17,35.01
2023-06-18,35.01
2023-06-19,35.01
2023-06-20,38.71
2023-06-21,36.745
2023-06-22,34.095
2023-06-23,32.507
2023-06-24,32.507
2023-06-25,32.507
2023-06-26,31.975
2023-06-27,34.505
2023-06-28,34.125
2023-06-29,35.18
2023-06-30,37.103
2023-07-01,37.103
2023-07-02,37.103
2023-07-03,33.93
2023-07-04,33.93
2023-07-05,34.375
2023-07-06,32.35
2023-07-07,33.478
2023-07-08,33.478
2023-07-09,33.478
2023-07-10,30.225
2023-07-11,29.06
2023-07-12,26.64
2023-07-13,26.605
2023-07-14,25.957
2023-07-15,25.957
2023-07-16,25.957
2023-07-17,25.1
2023-07-18,27.07
2023-07-19,26.965
2023-07-20,28.02
2023-07-21,28.164
2023-07-22,28.164
2023-07-23,28.164
2023-07-24,30.555
2023-07-25,32.65
2023-07-26,29.275
2023-07-27,28.435
2023-07-28,25.841
2023-07-29,25.841
2023-07-30,25.841
2023-07-31,28.365
2023-08-01,27.125
2023-08-02,28.74
2023-08-03,30.475
2023-08-04,28.853
2023-08-05,28.853
2023-08-06,28.853
2023-08-07,30.485
2023-08-08,31.065
2023-08-09,39.825
2023-08-10,37.055
2023-08-11,35.3
2023-08-12,35.3
2023-08-13,35.3
2023-08-14,34.435
2023-08-15,38.815
2023-08-16,37.785
2023-08-17,36.825
2023-08-18,36.41
2023-08-19,36.41
2023-08-20,36.41
2023-08-21,40.78
2023-08-22,42.91
2023-08-23,36.785
2023-08-24,31.94
2023-08-25,34.775
2023-08-26,34.775
2023-08-27,34.775
2023-08-28,38.415
2023-08-29,35.195
2023-08-30,35.992
2023-08-31,35.03
2023-09-01,35.617
2023-09-02,35.617
2023-09-03,35.617
2023-09-04,35.617
2023-09-05,34.45
2023-09-06,31.075
2023-09-07,32.755
2023-09-08,34.51
2023-09-09,34.51
2023-09-10,34.51
2023-09-11,35.85
2023-09-12,34.7
2023-09-13,36.815
2023-09-14,35.52
2023-09-15,36.485
2023-09-16,36.485
2023-09-17,36.485
2023-09-18,34.475
2023-09-19,36.78
2023-09-20,37.285
2023-09-21,39.105
2023-09-22,39.791
2023-09-23,39.791
2023-09-24,39.791
2023-09-25,44.44
2023-09-26,40.32
2023-09-27,39.295
2023-09-28,39.736
2023-09-29,41.859
2023-09-30,41.859
2023-10-01,41.859
2023-10-02,39.335
2023-10-03,36.985
2023-10-04,38.44
2023-10-05,36.205
2023-10-06,38.231
2023-10-07,38.231
2023-10-08,38.231
2023-10-09,43.955
2023-10-10,49.455
2023-10-11,46.07
2023-10-12,53.0
2023-10-13,53.982
2023-10-14,53.982
2023-10-15,53.982
2023-10-16,48.465
2023-10-17,48.895
2023-10-18,50.835
2023-10-19,50.17
2023-10-20,51.112
2023-10-21,51.112
2023-10-22,51.112
2023-10-23,51.275
2023-10-24,49.265
2023-10-25,49.925
2023-10-26,50.81
2023-10-27,50.53
2023-10-28,50.53
2023-10-29,50.53
2023-10-30,50.547
2023-10-31,48.005
2023-11-01,47.755
2023-11-02,48.565
2023-11-03,48.057
2023-11-04,48.057
2023-11-05,48.057
2023-11-06,44.83
2023-11-07,46.055
2023-11-08,45.775
2023-11-09,48.13
2023-11-10,46.63
2023-11-11,46.63
2023-11-12,46.63
2023-11-13,47.875
2023-11-14,47.61
2023-11-15,47.035
2023-11-16,45.85
2023-11-17,45.064
2023-11-18,45.064
2023-11-19,45.064
2023-11-20,45.82
2023-11-21,44.065
2023-11-22,44.615
2023-11-23,44.615
2023-11-24,46.655
2023-11-25,46.655
2023-11-26,46.655
2023-11-27,43.985
2023-11-28,42.775
2023-11-29,40.36
2023-11-30,42.09
2023-12-01,43.496
2023-12-02,43.496
2023-12-03,43.496
2023-12-04,40.105
2023-12-05,38.135
2023-12-06,39.315
2023-12-07,39.97
2023-12-08,38.6
2023-12-09,38.6
2023-12-10,38.6
2023-12-11,36.12
2023-12-12,34.705
2023-12-13,35.81
2023-12-14,34.85
2023-12-15,33.19
2023-12-16,33.19
2023-12-17,33.19
2023-12-18,35.52
2023-12-19,32.57
2023-12-20,33.52
2023-12-21,34.205
2023-12-22,34.174
2023-12-23,34.174
2023-12-24,34.174
2023-12-25,34.174
2023-12-26,34.175
2023-12-27,35.515
2023-12-28,33.105
2023-12-29,32.35
2023-12-30,32.35
2023-12-31,32.35
2024-01-01,32.35
2024-01-02,30.57
2024-01-03,32.795
2024-01-04,33.41
2024-01-05,34.55
2024-01-06,34.55
2024-01-07,34.55
2024-01-08,31.58
2024-01-09,30.64
2024-01-10,30.94
2024-01-11,30.815
2024-01-12,31.99
2024-01-13,31.99
2024-01-14,31.99
2024-01-15,31.99
2024-01-16,29.655
2024-01-17,27.71
2024-01-18,27.895
2024-01-19,28.429
2024-01-20,28.429
2024-01-21,28.429
2024-01-22,27.265
2024-01-23,27.225
2024-01-24,28.93
2024-01-25,27.785
2024-01-26,28.079
2024-01-27,28.079
2024-01-28,28.079
2024-01-29,28.175
2024-01-30,29.391
2024-01-31,30.235
2024-02-01,28.99
2024-02-02,29.305
2024-02-03,29.305
2024-02-04,29.305
2024-02-05,28.34
2024-02-06,28.605
2024-02-07,28.185
2024-02-08,27.81
2024-02-09,27.115
2024-02-10,27.115
2024-02-11,27.115
2024-02-12,25.73
2024-02-13,25.435
2024-02-14,24.855
2024-02-15,24.965
2024-02-16,24.82
2024-02-17,24.82
2024-02-18,24.82
2024-02-19,24.82
2024-02-20,24.17
2024-02-21,23.975
2024-02-22,23.195
2024-02-23,22.934
2024-02-24,22.934
2024-02-25,22.934
2024-02-26,24.01
2024-02-27,24.39
2024-02-28,25.619
2024-02-29,24.865
2024-03-01,25.809
2024-03-02,25.809
2024-03-03,25.809
2024-03-04,26.885
2024-03-05,27.47
2024-03-06,26.57
2024-03-07,25.99
2024-03-08,26.39
2024-03-09,26.39
2024-03-10,26.39
2024-03-11,24.93
2024-03-12,24.775
2024-03-13,24.905
2024-03-14,26.05
2024-03-15,27.026
2024-03-16,27.026
2024-03-17,27.026
2024-03-18,28.82
2024-03-19,28.865
2024-03-20,27.74
2024-03-21,26.4
2024-03-22,27.776
2024-03-23,27.776
2024-03-24,27.776
2024-03-25,28.49
2024-03-26,27.13
2024-03-27,27.687
2024-03-28,27.34
2024-03-29,27.34
2024-03-30,27.34
2024-03-31,27.34
2024-04-01,27.34
2024-04-02,26.205
2024-04-03,25.565
2024-04-04,26.205
2024-04-05,26.605
2024-04-06,26.605
2024-04-07,26.605
2024-04-08,27.91
2024-04-09,27.35
2024-04-10,27.1
2024-04-11,29.375
2024-04-12,30.732
2024-04-13,30.732
2024-04-14,30.732
2024-04-15,31.145
2024-04-16,33.14
2024-04-17,31.29
2024-04-18,32.31
2024-04-19,30.758
2024-04-20,30.758
2024-04-21,30.758
2024-04-22,29.31
2024-04-23,28.415
2024-04-24,29.02
2024-04-25,29.77
2024-04-26,28.885
2024-04-27,28.885
2024-04-28,28.885
2024-04-29,27.994
2024-04-30,29.12
2024-05-01,28.73
2024-05-02,30.915
2024-05-03,30.53
2024-05-04,30.53
2024-05-05,30.53
2024-05-06,31.8
2024-05-07,31.065
2024-05-08,30.61
2024-05-09,30.865
2024-05-10,30.03
2024-05-11,30.03
2024-05-12,30.03
2024-05-13,29.58
2024-05-14,29.67
2024-05-15,29.735
2024-05-16,30.25
2024-05-17,30.769
2024-05-18,30.769
2024-05-19,30.769
2024-05-20,31.77
2024-05-21,33.005
2024-05-22,34.39
2024-05-23,35.23
2024-05-24,34.115
2024-05-25,34.115
2024-05-26,34.115
2024-05-27,34.115
2024-05-28,33.535
2024-05-29,33.88
2024-05-30,35.192
2024-05-31,34.223
2024-06-01,34.223
2024-06-02,34.223
2024-06-03,36.015
2024-06-04,33.795
2024-06-05,33.355
2024-06-06,33.685
2024-06-07,33.109
2024-06-08,33.109
2024-06-09,33.109
2024-06-10,34.26
2024-06-11,34.285
2024-06-12,35.295
2024-06-13,35.725
2024-06-14,35.36
2024-06-15,35.36
2024-06-16,35.36
2024-06-17,34.21
2024-06-18,34.7
2024-06-19,34.7
2024-06-20,34.465
2024-06-21,33.936
2024-06-22,33.936
2024-06-23,33.936
2024-06-24,34.08
2024-06-25,34.855
2024-06-26,33.825
2024-06-27,34.565
2024-06-28,34.48
2024-06-29,34.48
2024-06-30,34.48
2024-07-01,33.485
2024-07-02,33.685
2024-07-03,32.69
2024-07-04,32.69
2024-07-05,33.065
2024-07-06,33.065
2024-07-07,33.065
2024-07-08,32.285
2024-07-09,31.335
2024-07-10,30.785
2024-07-11,31.11
2024-07-12,31.72
2024-07-13,31.72
2024-07-14,31.72
2024-07-15,31.37
2024-07-16,32.795
2024-07-17,31.895
2024-07-18,32.675
2024-07-19,32.17
2024-07-20,32.17
2024-07-21,32.17
2024-07-22,31.84
2024-07-23,31.62
2024-07-24,32.62
2024-07-25,31.78
2024-07-26,32.475
2024-07-27,32.475
2024-07-28,32.475
2024-07-29,33.875
2024-07-30,34.361
2024-07-31,35.87
2024-08-01,36.97
2024-08-02,36.65
2024-08-03,36.65
2024-08-04,36.65
2024-08-05,35.5
2024-08-06,36.675
2024-08-07,38.45
2024-08-08,40.095
2024-08-09,40.395
2024-08-10,40.395
2024-08-11,40.395
2024-08-12,39.66
2024-08-13,39.48
2024-08-14,38.965
2024-08-15,39.6
2024-08-16,39.645
2024-08-17,39.645
2024-08-18,39.645
2024-08-19,39.845
2024-08-20,37.955
2024-08-21,37.01
2024-08-22,36.585
2024-08-23,36.865
2024-08-24,36.865
2024-08-25,36.865
2024-08-26,37.655
2024-08-27,38.69
2024-08-28,38.52
2024-08-29,38.601
2024-08-30,39.825
2024-08-31,39.825
2024-09-01,39.825
2024-09-02,39.825
2024-09-03,37.195
2024-09-04,35.8
2024-09-05,36.195
2024-09-06,36.48
2024-09-07,36.48
2024-09-08,36.48
2024-09-09,37.335
2024-09-10,35.28
2024-09-11,36.14
2024-09-12,35.19
2024-09-13,35.648
2024-09-14,35.648
2024-09-15,35.648
2024-09-16,34.081
2024-09-17,35.547
2024-09-18,35.245
2024-09-19,33.083
2024-09-20,34.444
2024-09-21,34.444
2024-09-22,34.444
2024-09-23,36.211
2024-09-24,35.413
2024-09-25,37.319
2024-09-26,37.89
2024-09-27,38.114
2024-09-28,38.114
2024-09-29,38.114
2024-09-30,39.044
2024-10-01,39.273
2024-10-02,38.617
2024-10-03,39.912
2024-10-04,40.98
2024-10-05,40.98
2024-10-06,40.98
2024-10-07,40.244
2024-10-08,38.919
2024-10-09,38.341
2024-10-10,40.293
2024-10-11,39.879
2024-10-12,39.879
2024-10-13,39.879
2024-10-14,40.559
2024-10-15,39.973
2024-10-16,39.241
2024-10-17,39.65
2024-10-18,39.204
2024-10-19,39.204
2024-10-20,39.204
2024-10-21,40.024
2024-10-22,40.704
2024-10-23,41.38
2024-10-24,42.154
2024-10-25,43.513
2024-10-26,43.513
2024-10-27,43.513
2024-10-28,42.519
2024-10-29,42.869
2024-10-30,40.903
2024-10-31,40.588
2024-11-01,39.175
2024-11-02,39.175
2024-11-03,39.175
2024-11-04,40.301
2024-11-05,40.492
2024-11-06,40.388
2024-11-07,41.276
2024-11-08,42.409
2024-11-09,42.409
2024-11-10,42.409
2024-11-11,43.728
2024-11-12,44.255
2024-11-13,43.666
2024-11-14,46.224
2024-11-15,46.551
2024-11-16,46.551
2024-11-17,46.551
2024-11-18,46.9
2024-11-19,45.668
2024-11-20,46.796
2024-11-21,48.303
2024-11-22,47.018
2024-11-23,47.018
2024-11-24,47.018
2024-11-25,47.733
2024-11-26,47.216
2024-11-27,46.762
2024-11-28,46.762
2024-11-29,47.811
2024-11-30,47.811
2024-12-01,47.811
2024-12-02,48.655
2024-12-03,48.557
2024-12-04,47.046
2024-12-05,46.551
2024-12-06,46.48
2024-12-07,46.48
2024-12-08,46.48
2024-12-09,44.855
2024-12-10,45.552
2024-12-11,44.694
2024-12-12,42.804
2024-12-13,41.215
2024-12-14,41.215
2024-12-15,41.215
2024-12-16,40.277
2024-12-17,42.065
2024-12-18,41.007
2024-12-19,43.078
2024-12-20,44.13
2024-12-21,44.13
2024-12-22,44.13
2024-12-23,45.545
2024-12-24,45.731
2024-12-25,45.731
2024-12-26,45.731
2024-12-27,47.731
2024-12-28,47.731
2024-12-29,47.731
2024-12-30,47.633
2024-12-31,48.889
2025-01-01,48.889
2025-01-02,50.273
2025-01-03,49.622
2025-01-04,49.622
2025-01-05,49.622
2025-01-06,47.326
2025-01-07,47.474
2025-01-08,45.559
2025-01-09,44.987
2025-01-10,45.008
2025-01-11,45.008
2025-01-12,45.008
2025-01-13,48.261
2025-01-14,48.245
